customer_id,name,region,segment
1,Customer 1,North,Retail
2,Customer 2,West,Corporate
3,Customer 3,East,Retail
4,Customer 4,South,Corporate
5,Customer 5,North,Retail
6,Customer 6,West,Retail
7,Customer 7,East,Corporate
8,Customer 8,East,Retail
9,Customer 9,West,Online
10,Customer 10,North,Corporate
11,Customer 11,North,Online
12,Customer 12,East,Online
13,Customer 13,East,Online
14,Customer 14,South,Online
15,Customer 15,North,Retail
16,Customer 16,South,Corporate
17,Customer 17,North,Retail
18,Customer 18,North,Corporate
19,Customer 19,East,Corporate
20,Customer 20,East,Retail
21,Customer 21,East,Corporate
22,Customer 22,South,Online
23,Customer 23,East,Online
24,Customer 24,North,Online
25,Customer 25,South,Online
26,Customer 26,South,Retail
27,Customer 27,West,Corporate
28,Customer 28,East,Online
29,Customer 29,South,Online
30,Customer 30,East,Retail
31,Customer 31,South,Retail
32,Customer 32,East,Corporate
33,Customer 33,East,Retail
34,Customer 34,South,Online
35,Customer 35,East,Retail
36,Customer 36,West,Corporate
37,Customer 37,West,Retail
38,Customer 38,East,Retail
39,Customer 39,South,Online
40,Customer 40,East,Online
41,Customer 41,West,Online
42,Customer 42,West,Corporate
43,Customer 43,South,Retail
44,Customer 44,West,Retail
45,Customer 45,North,Retail
46,Customer 46,South,Online
47,Customer 47,South,Online
48,Customer 48,West,Online
49,Customer 49,North,Corporate
50,Customer 50,West,Online
51,Customer 51,West,Online
52,Customer 52,East,Online
53,Customer 53,North,Online
54,Customer 54,North,Online
55,Customer 55,East,Online
56,Customer 56,East,Retail
57,Customer 57,East,Corporate
58,Customer 58,South,Corporate
59,Customer 59,North,Online
60,Customer 60,East,Online
61,Customer 61,South,Online
62,Customer 62,North,Online
63,Customer 63,East,Online
64,Customer 64,South,Retail
65,Customer 65,East,Retail
66,Customer 66,North,Online
67,Customer 67,East,Corporate
68,Customer 68,North,Retail
69,Customer 69,East,Corporate
70,Customer 70,South,Retail
71,Customer 71,South,Online
72,Customer 72,North,Retail
73,Customer 73,West,Retail
74,Customer 74,South,Retail
75,Customer 75,West,Online
76,Customer 76,South,Corporate
77,Customer 77,West,Retail
78,Customer 78,South,Online
79,Customer 79,East,Corporate
80,Customer 80,East,Corporate
81,Customer 81,West,Retail
82,Customer 82,South,Retail
83,Customer 83,North,Corporate
84,Customer 84,North,Online
85,Customer 85,South,Online
86,Customer 86,South,Retail
87,Customer 87,North,Online
88,Customer 88,North,Retail
89,Customer 89,North,Retail
90,Customer 90,East,Retail
91,Customer 91,South,Corporate
92,Customer 92,West,Retail
93,Customer 93,South,Online
94,Customer 94,West,Retail
95,Customer 95,West,Corporate
96,Customer 96,South,Retail
97,Customer 97,North,Online
98,Customer 98,West,Corporate
99,Customer 99,West,Corporate
100,Customer 100,West,Online
101,Customer 101,North,Online
102,Customer 102,North,Retail
103,Customer 103,West,Online
104,Customer 104,East,Retail
105,Customer 105,South,Retail
106,Customer 106,South,Online
107,Customer 107,West,Retail
108,Customer 108,West,Retail
109,Customer 109,East,Corporate
110,Customer 110,South,Retail
111,Customer 111,West,Online
112,Customer 112,North,Retail
113,Customer 113,North,Retail
114,Customer 114,South,Retail
115,Customer 115,West,Corporate
116,Customer 116,West,Retail
117,Customer 117,West,Retail
118,Customer 118,South,Corporate
119,Customer 119,North,Corporate
120,Customer 120,East,Corporate
