order_id,customer_id,product_id,quantity,amount,order_date
1,90,26,3,3300,2025-07-24
2,92,2,5,52750,2025-11-16
3,38,24,2,14500,2025-04-07
4,95,16,1,650,2025-10-18
5,41,16,1,650,2025-12-02
6,62,1,1,19400,2025-10-17
7,8,3,5,180750,2025-03-17
8,9,42,1,2100,2025-03-20
9,111,14,1,3200,2025-11-08
10,114,33,4,4800,2025-02-19
11,77,24,2,14500,2025-10-02
12,54,12,5,19750,2025-02-22
13,67,35,5,6000,2025-10-11
14,86,3,3,108450,2025-04-23
15,34,25,3,25500,2025-04-13
16,83,11,2,2300,2025-11-10
17,119,1,4,77600,2025-06-25
18,59,21,1,1950,2025-01-20
19,10,22,5,17750,2025-02-18
20,34,22,2,7100,2025-09-05
21,113,6,3,66750,2025-02-08
22,21,43,3,10650,2025-05-15
23,39,25,5,42500,2025-12-20
24,86,15,5,3500,2025-01-27
25,120,32,5,2000,2025-05-22
26,34,43,1,3550,2025-03-04
27,71,46,1,5850,2025-12-05
28,78,14,3,9600,2025-05-07
29,88,25,3,25500,2025-04-21
30,63,24,3,21750,2025-09-09
31,82,13,1,1050,2025-02-14
32,1,1,3,58200,2025-01-11
33,34,46,2,11700,2025-11-06
34,91,32,4,1600,2025-09-14
35,15,25,5,42500,2025-01-03
36,5,45,2,4900,2025-09-27
37,71,14,3,9600,2025-10-05
38,6,6,4,89000,2025-03-10
39,116,41,3,10050,2025-01-12
40,32,3,2,72300,2025-11-22
41,100,16,1,650,2025-06-18
42,96,44,4,17800,2025-10-05
43,103,42,2,4200,2025-03-26
44,4,36,2,1900,2025-07-06
45,103,25,3,25500,2025-07-22
46,21,2,2,21100,2025-05-26
47,112,24,1,7250,2025-07-02
48,26,43,4,14200,2025-04-27
49,40,23,4,15000,2025-06-27
50,4,26,2,2200,2025-04-22
51,43,41,2,6700,2025-07-09
52,45,33,1,1200,2025-05-21
53,87,45,5,12250,2025-07-27
54,4,15,5,3500,2025-06-04
55,75,5,3,92550,2025-03-09
56,77,22,1,3550,2025-02-14
57,101,31,3,2850,2025-12-11
58,66,16,4,2600,2025-10-04
59,25,13,4,4200,2025-10-09
60,56,33,1,1200,2025-12-01
61,88,23,5,18750,2025-09-24
62,56,3,2,72300,2025-06-03
63,41,5,3,92550,2025-10-22
64,116,42,1,2100,2025-12-10
65,86,26,5,5500,2025-05-14
66,90,13,3,3150,2025-07-10
67,25,1,5,97000,2025-03-14
68,96,32,4,1600,2025-11-06
69,39,34,5,5500,2025-10-13
70,39,16,5,3250,2025-01-10
71,101,21,2,3900,2025-07-19
72,42,35,5,6000,2025-11-15
73,87,1,4,77600,2025-08-07
74,102,34,5,5500,2025-08-26
75,11,24,2,14500,2025-11-10
76,82,14,5,16000,2025-11-20
77,105,3,3,108450,2025-02-25
78,40,31,2,1900,2025-11-08
79,4,35,2,2400,2025-03-02
80,79,23,2,7500,2025-08-28
81,54,11,1,1150,2025-08-21
82,92,41,5,16750,2025-04-23
83,52,21,4,7800,2025-08-08
84,89,45,2,4900,2025-11-01
85,29,34,1,1100,2025-07-06
86,7,16,5,3250,2025-08-18
87,59,21,2,3900,2025-02-05
88,68,44,4,17800,2025-11-18
89,97,44,5,22250,2025-06-15
90,115,26,5,5500,2025-12-17
91,58,1,4,77600,2025-09-06
92,34,44,4,17800,2025-08-25
93,36,31,2,1900,2025-11-25
94,81,34,5,5500,2025-08-08
95,10,33,3,3600,2025-08-23
96,35,31,3,2850,2025-04-11
97,11,16,3,1950,2025-09-05
98,50,6,2,44500,2025-04-23
99,28,36,2,1900,2025-12-03
100,43,14,4,12800,2025-07-18
101,8,33,4,4800,2025-07-07
102,116,42,4,8400,2025-07-25
103,3,45,5,12250,2025-12-28
104,62,44,5,22250,2025-07-01
105,97,36,3,2850,2025-05-13
106,96,36,4,3800,2025-09-24
107,115,35,5,6000,2025-10-08
108,35,43,4,14200,2025-04-14
109,50,33,4,4800,2025-01-11
110,22,21,4,7800,2025-12-27
111,80,34,4,4400,2025-03-18
112,76,3,1,36150,2025-07-19
113,83,32,1,400,2025-02-14
114,24,34,2,2200,2025-08-02
115,42,41,3,10050,2025-07-07
116,44,24,4,29000,2025-06-25
117,97,4,4,132200,2025-05-27
118,107,12,4,15800,2025-05-03
119,96,6,4,89000,2025-01-18
120,29,16,1,650,2025-06-21
121,6,42,1,2100,2025-11-25
122,26,31,1,950,2025-04-27
123,20,12,1,3950,2025-10-08
124,86,6,2,44500,2025-08-04
125,60,42,5,10500,2025-04-23
126,22,35,3,3600,2025-06-20
127,92,13,5,5250,2025-12-04
128,14,12,2,7900,2025-05-19
129,74,24,1,7250,2025-05-22
130,92,4,4,132200,2025-07-07
131,89,13,1,1050,2025-10-27
132,90,12,2,7900,2025-02-25
133,77,6,3,66750,2025-11-26
134,101,5,1,30850,2025-10-02
135,55,45,3,7350,2025-09-22
136,65,4,3,99150,2025-02-21
137,109,3,3,108450,2025-01-14
138,56,21,4,7800,2025-02-12
139,20,14,4,12800,2025-12-14
140,67,34,2,2200,2025-12-21
141,104,15,3,2100,2025-10-18
142,56,15,4,2800,2025-08-27
143,42,33,5,6000,2025-05-28
144,36,33,2,2400,2025-02-15
145,73,23,2,7500,2025-08-20
146,4,25,4,34000,2025-06-16
147,63,3,3,108450,2025-03-07
148,44,41,3,10050,2025-05-09
149,113,44,5,22250,2025-12-09
150,67,11,5,5750,2025-01-07
151,93,2,1,10550,2025-04-14
152,98,13,4,4200,2025-09-08
153,92,36,4,3800,2025-11-16
154,12,23,4,15000,2025-01-10
155,89,12,2,7900,2025-07-08
156,75,13,3,3150,2025-11-12
157,68,35,4,4800,2025-09-12
158,71,36,4,3800,2025-12-11
159,59,31,3,2850,2025-12-09
160,30,42,3,6300,2025-05-04
161,16,6,2,44500,2025-06-24
162,24,41,5,16750,2025-12-07
163,62,33,2,2400,2025-12-09
164,77,24,5,36250,2025-09-10
165,38,41,1,3350,2025-04-08
166,39,4,3,99150,2025-03-01
167,36,3,5,180750,2025-03-02
168,38,35,1,1200,2025-09-23
169,112,11,2,2300,2025-11-25
170,112,35,4,4800,2025-02-01
171,61,11,5,5750,2025-05-16
172,24,6,4,89000,2025-06-02
173,15,11,3,3450,2025-08-27
174,63,3,1,36150,2025-07-03
175,88,45,5,12250,2025-11-02
176,104,32,2,800,2025-03-19
177,32,16,3,1950,2025-02-04
178,78,34,5,5500,2025-07-20
179,100,33,5,6000,2025-04-17
180,117,33,4,4800,2025-08-15
181,55,6,3,66750,2025-10-10
182,8,33,5,6000,2025-10-20
183,81,5,1,30850,2025-04-07
184,11,46,3,17550,2025-11-06
185,71,36,2,1900,2025-03-03
186,53,24,2,14500,2025-01-15
187,38,22,5,17750,2025-08-02
188,91,24,2,14500,2025-05-10
189,88,42,4,8400,2025-02-08
190,76,42,3,6300,2025-11-22
191,15,42,2,4200,2025-07-18
192,20,22,2,7100,2025-11-09
193,8,12,2,7900,2025-02-06
194,96,32,3,1200,2025-10-27
195,57,3,5,180750,2025-05-04
196,39,44,4,17800,2025-12-23
197,65,33,4,4800,2025-05-18
198,11,35,4,4800,2025-08-20
199,95,26,1,1100,2025-07-11
200,4,41,5,16750,2025-05-03
201,108,21,2,3900,2025-11-28
202,3,3,5,180750,2025-10-25
203,6,4,3,99150,2025-10-25
204,67,42,2,4200,2025-08-21
205,24,16,4,2600,2025-05-19
206,105,46,4,23400,2025-11-16
207,45,43,1,3550,2025-08-14
208,86,4,3,99150,2025-06-04
209,53,32,2,800,2025-06-23
210,85,24,4,29000,2025-05-13
211,59,44,5,22250,2025-01-03
212,42,26,3,3300,2025-05-04
213,106,6,4,89000,2025-09-01
214,53,23,5,18750,2025-08-02
215,47,4,2,66100,2025-09-20
216,57,14,4,12800,2025-11-25
217,35,3,1,36150,2025-04-18
218,57,46,2,11700,2025-05-23
219,4,33,4,4800,2025-02-21
220,91,2,5,52750,2025-04-06
221,2,26,3,3300,2025-09-18
222,29,33,4,4800,2025-02-27
223,16,31,1,950,2025-08-21
224,120,1,2,38800,2025-08-23
225,91,2,3,31650,2025-09-09
226,61,5,4,123400,2025-08-08
227,19,35,4,4800,2025-09-13
228,66,5,2,61700,2025-10-24
229,36,14,2,6400,2025-02-25
230,120,26,4,4400,2025-06-26
231,106,34,5,5500,2025-05-01
232,39,12,3,11850,2025-12-27
233,85,36,5,4750,2025-10-16
234,69,15,2,1400,2025-08-16
235,71,35,3,3600,2025-06-25
236,59,34,5,5500,2025-07-11
237,31,16,2,1300,2025-12-19
238,110,31,4,3800,2025-04-25
239,41,45,4,9800,2025-01-24
240,117,2,4,42200,2025-12-26
241,85,2,4,42200,2025-07-26
242,5,42,2,4200,2025-08-05
243,43,34,5,5500,2025-10-28
244,13,5,1,30850,2025-08-17
245,93,43,4,14200,2025-01-05
246,20,45,4,9800,2025-11-03
247,44,43,4,14200,2025-05-20
248,11,4,4,132200,2025-11-28
249,110,45,3,7350,2025-11-18
250,81,33,4,4800,2025-06-23
251,5,43,4,14200,2025-09-20
252,81,33,1,1200,2025-04-22
253,96,21,3,5850,2025-04-03
254,98,41,4,13400,2025-02-21
255,22,22,1,3550,2025-08-23
256,6,26,3,3300,2025-01-11
257,46,44,1,4450,2025-05-12
258,32,31,4,3800,2025-03-17
259,88,4,4,132200,2025-10-26
260,23,32,2,800,2025-03-03
261,80,23,5,18750,2025-07-22
262,117,6,2,44500,2025-08-19
263,60,33,2,2400,2025-04-21
264,33,44,3,13350,2025-08-22
265,116,36,1,950,2025-08-10
266,10,2,5,52750,2025-03-15
267,39,31,3,2850,2025-10-21
268,33,21,4,7800,2025-12-15
269,50,26,3,3300,2025-04-28
270,31,42,4,8400,2025-02-13
271,74,33,5,6000,2025-06-10
272,107,6,3,66750,2025-01-22
273,2,22,4,14200,2025-05-19
274,96,46,1,5850,2025-10-16
275,78,32,3,1200,2025-04-26
276,82,12,3,11850,2025-04-07
277,87,36,5,4750,2025-05-25
278,13,36,2,1900,2025-11-21
279,101,25,1,8500,2025-05-15
280,47,11,1,1150,2025-10-24
281,117,31,2,1900,2025-02-10
282,54,12,3,11850,2025-12-06
283,101,46,2,11700,2025-03-18
284,65,2,3,31650,2025-09-09
285,117,43,2,7100,2025-05-27
286,96,45,4,9800,2025-05-28
287,60,4,3,99150,2025-02-03
288,111,11,2,2300,2025-04-22
289,47,12,4,15800,2025-09-03
290,34,23,4,15000,2025-01-18
291,48,45,1,2450,2025-08-22
292,49,11,3,3450,2025-10-27
293,87,4,3,99150,2025-02-08
294,80,41,4,13400,2025-01-18
295,29,2,3,31650,2025-10-21
296,106,3,1,36150,2025-11-15
297,53,46,3,17550,2025-11-04
298,5,43,2,7100,2025-01-10
299,13,42,4,8400,2025-02-08
300,50,11,5,5750,2025-03-15
301,96,46,3,17550,2025-11-23
302,76,35,5,6000,2025-07-24
303,84,26,2,2200,2025-07-04
304,53,21,4,7800,2025-10-09
305,48,34,1,1100,2025-12-07
306,31,5,4,123400,2025-08-28
307,88,4,3,99150,2025-02-12
308,46,46,5,29250,2025-11-02
309,25,11,4,4600,2025-05-04
310,85,41,4,13400,2025-02-07
311,7,12,5,19750,2025-01-26
312,17,26,3,3300,2025-04-26
313,9,11,5,5750,2025-04-27
314,76,36,5,4750,2025-04-07
315,100,34,2,2200,2025-06-05
316,36,15,5,3500,2025-01-28
317,70,41,2,6700,2025-03-09
318,85,22,2,7100,2025-02-28
319,2,34,1,1100,2025-03-12
320,42,34,2,2200,2025-10-01
321,7,31,2,1900,2025-05-05
322,15,46,4,23400,2025-09-24
323,58,26,1,1100,2025-08-25
324,76,45,3,7350,2025-09-04
325,29,25,4,34000,2025-09-20
326,101,12,1,3950,2025-12-28
327,59,3,5,180750,2025-05-21
328,62,1,1,19400,2025-01-28
329,88,41,4,13400,2025-07-04
330,117,4,4,132200,2025-12-15
331,42,5,1,30850,2025-02-20
332,17,43,2,7100,2025-02-09
333,75,34,5,5500,2025-11-18
334,77,33,3,3600,2025-07-17
335,65,24,3,21750,2025-08-20
336,102,46,4,23400,2025-02-23
337,84,23,1,3750,2025-11-25
338,111,3,5,180750,2025-12-07
339,114,4,4,132200,2025-08-08
340,106,23,4,15000,2025-06-15
341,94,31,4,3800,2025-07-04
342,41,15,3,2100,2025-07-22
343,20,6,3,66750,2025-06-22
344,12,32,4,1600,2025-02-27
345,56,43,1,3550,2025-02-04
346,72,46,3,17550,2025-03-02
347,72,2,5,52750,2025-09-11
348,46,42,1,2100,2025-07-28
349,7,34,4,4400,2025-12-10
350,46,45,5,12250,2025-05-04
351,28,45,5,12250,2025-09-05
352,109,44,4,17800,2025-04-04
353,48,24,3,21750,2025-09-04
354,29,5,3,92550,2025-10-26
355,99,5,4,123400,2025-09-27
356,87,42,5,10500,2025-10-21
357,78,46,5,29250,2025-01-22
358,24,1,3,58200,2025-01-09
359,45,32,3,1200,2025-06-01
360,73,22,2,7100,2025-03-22
361,19,2,4,42200,2025-02-24
362,96,45,1,2450,2025-02-17
363,54,5,2,61700,2025-07-15
364,48,15,3,2100,2025-03-10
365,77,44,3,13350,2025-10-03
366,21,22,1,3550,2025-03-25
367,87,5,5,154250,2025-01-03
368,85,24,3,21750,2025-08-14
369,57,1,4,77600,2025-10-14
370,97,5,3,92550,2025-04-17
371,56,44,1,4450,2025-06-04
372,87,4,3,99150,2025-11-19
373,86,12,4,15800,2025-09-10
374,51,14,1,3200,2025-04-20
375,27,6,1,22250,2025-01-10
376,98,43,2,7100,2025-03-09
377,16,31,3,2850,2025-06-01
378,56,16,4,2600,2025-12-06
379,69,2,2,21100,2025-07-23
380,72,34,2,2200,2025-09-27
381,51,12,3,11850,2025-02-28
382,3,34,1,1100,2025-07-15
383,74,25,1,8500,2025-06-14
384,91,36,5,4750,2025-07-21
385,15,3,4,144600,2025-05-13
386,22,4,1,33050,2025-06-26
387,107,34,5,5500,2025-08-23
388,56,2,3,31650,2025-02-28
389,56,25,1,8500,2025-04-19
390,11,43,4,14200,2025-09-13
391,44,12,3,11850,2025-12-08
392,10,31,3,2850,2025-03-17
393,66,26,1,1100,2025-09-07
394,94,33,3,3600,2025-06-27
395,14,14,2,6400,2025-04-05
396,23,13,3,3150,2025-04-20
397,10,35,2,2400,2025-11-06
398,97,24,4,29000,2025-08-19
399,88,15,5,3500,2025-08-19
400,111,15,5,3500,2025-06-21
401,57,4,3,99150,2025-03-03
402,81,21,4,7800,2025-08-10
403,8,4,3,99150,2025-10-12
404,40,43,5,17750,2025-02-15
405,8,15,4,2800,2025-01-12
406,83,24,3,21750,2025-02-28
407,77,1,1,19400,2025-10-17
408,75,24,4,29000,2025-08-18
409,117,15,1,700,2025-08-26
410,25,33,5,6000,2025-11-11
411,65,34,5,5500,2025-08-05
412,14,34,1,1100,2025-08-26
413,11,13,3,3150,2025-12-17
414,32,36,2,1900,2025-01-23
415,68,44,4,17800,2025-08-17
416,47,22,5,17750,2025-03-12
417,53,25,3,25500,2025-07-25
418,77,2,3,31650,2025-11-02
419,43,35,3,3600,2025-02-04
420,50,14,5,16000,2025-11-10
421,110,35,3,3600,2025-12-22
422,43,13,5,5250,2025-03-03
423,19,34,5,5500,2025-11-12
424,90,33,3,3600,2025-11-22
425,77,11,4,4600,2025-03-23
426,72,2,1,10550,2025-05-13
427,86,42,3,6300,2025-03-23
428,83,22,5,17750,2025-02-22
429,47,14,4,12800,2025-09-01
430,24,31,3,2850,2025-05-07
431,25,25,3,25500,2025-08-08
432,10,14,2,6400,2025-03-10
433,99,41,1,3350,2025-09-18
434,85,36,5,4750,2025-01-11
435,77,11,5,5750,2025-03-13
436,24,3,2,72300,2025-03-27
437,93,5,5,154250,2025-03-15
438,47,21,1,1950,2025-07-22
439,79,14,2,6400,2025-08-10
440,69,33,4,4800,2025-04-08
441,116,6,3,66750,2025-08-27
442,87,42,2,4200,2025-06-19
443,99,4,4,132200,2025-08-10
444,68,2,4,42200,2025-09-14
445,103,15,2,1400,2025-04-20
446,7,45,2,4900,2025-05-21
447,71,41,4,13400,2025-06-04
448,37,21,5,9750,2025-02-03
449,58,43,2,7100,2025-05-17
450,12,32,2,800,2025-07-08
451,120,3,4,144600,2025-06-01
452,51,14,4,12800,2025-01-17
453,50,23,3,11250,2025-04-03
454,4,45,3,7350,2025-04-11
455,84,36,1,950,2025-12-11
456,5,26,2,2200,2025-03-10
457,107,42,4,8400,2025-12-05
458,79,35,4,4800,2025-08-01
459,33,4,1,33050,2025-01-07
460,94,24,2,14500,2025-09-20
461,15,44,5,22250,2025-07-25
462,39,35,3,3600,2025-04-04
463,54,11,1,1150,2025-04-21
464,9,14,5,16000,2025-08-04
465,69,36,4,3800,2025-10-01
466,31,43,5,17750,2025-10-23
467,55,14,2,6400,2025-05-01
468,31,46,5,29250,2025-06-19
469,86,6,4,89000,2025-03-22
470,47,3,1,36150,2025-09-03
471,65,14,5,16000,2025-09-26
472,3,21,5,9750,2025-09-13
473,82,26,4,4400,2025-01-13
474,96,34,3,3300,2025-05-01
475,45,13,3,3150,2025-02-08
476,95,1,1,19400,2025-10-25
477,6,23,3,11250,2025-03-12
478,105,41,5,16750,2025-06-21
479,60,6,2,44500,2025-11-23
480,24,5,4,123400,2025-11-26
481,92,1,2,38800,2025-02-25
482,38,24,4,29000,2025-01-07
483,114,45,1,2450,2025-04-02
484,66,16,3,1950,2025-05-13
485,33,36,5,4750,2025-08-02
486,46,31,2,1900,2025-05-28
487,43,41,1,3350,2025-11-09
488,56,21,1,1950,2025-06-13
489,44,2,4,42200,2025-07-06
490,64,22,4,14200,2025-12-12
491,103,16,5,3250,2025-05-03
492,56,26,4,4400,2025-02-20
493,38,32,2,800,2025-09-11
494,42,25,1,8500,2025-02-22
495,58,36,3,2850,2025-05-20
496,89,44,4,17800,2025-03-15
497,6,22,3,10650,2025-08-24
498,56,21,3,5850,2025-10-09
499,86,25,1,8500,2025-02-21
500,66,25,4,34000,2025-06-26
501,19,26,2,2200,2025-01-28
502,101,43,5,17750,2025-11-15
503,9,34,1,1100,2025-03-08
504,50,26,3,3300,2025-06-19
505,20,2,1,10550,2025-10-22
506,48,6,4,89000,2025-06-15
507,18,31,1,950,2025-10-17
508,41,11,3,3450,2025-07-21
509,15,14,3,9600,2025-04-01
510,67,33,2,2400,2025-08-13
511,34,14,5,16000,2025-02-25
512,58,6,3,66750,2025-12-07
513,89,6,5,111250,2025-05-16
514,18,32,2,800,2025-02-28
515,23,31,1,950,2025-08-23
516,104,34,4,4400,2025-02-22
517,45,24,3,21750,2025-11-23
518,70,6,1,22250,2025-09-10
519,92,33,3,3600,2025-03-23
520,66,25,2,17000,2025-06-08
521,102,45,1,2450,2025-04-05
522,4,22,2,7100,2025-08-12
523,48,44,5,22250,2025-10-15
524,79,6,5,111250,2025-03-03
525,51,33,1,1200,2025-05-23
526,53,43,4,14200,2025-09-25
527,10,41,4,13400,2025-10-05
528,10,4,3,99150,2025-11-15
529,67,16,4,2600,2025-11-12
530,82,42,2,4200,2025-09-19
531,56,25,2,17000,2025-03-17
532,67,16,1,650,2025-02-05
533,21,11,3,3450,2025-03-11
534,67,41,2,6700,2025-06-10
535,26,22,1,3550,2025-05-21
536,17,12,5,19750,2025-05-21
537,69,41,3,10050,2025-10-03
538,22,44,5,22250,2025-11-19
539,22,3,5,180750,2025-03-22
540,116,43,5,17750,2025-12-20
541,6,15,3,2100,2025-10-27
542,6,5,1,30850,2025-02-21
543,84,35,5,6000,2025-05-07
544,80,22,5,17750,2025-07-21
545,114,45,1,2450,2025-08-21
546,83,43,5,17750,2025-05-10
547,104,22,4,14200,2025-04-26
548,59,24,4,29000,2025-05-03
549,57,44,1,4450,2025-03-14
550,27,12,4,15800,2025-08-11
551,41,11,5,5750,2025-03-28
552,111,22,3,10650,2025-12-12
553,98,33,4,4800,2025-03-12
554,14,35,5,6000,2025-09-11
555,16,3,2,72300,2025-08-09
556,19,5,4,123400,2025-04-04
557,50,23,1,3750,2025-05-28
558,32,44,5,22250,2025-07-28
559,120,32,2,800,2025-06-19
560,98,45,3,7350,2025-04-06
561,60,21,4,7800,2025-09-16
562,3,3,3,108450,2025-08-03
563,59,22,4,14200,2025-09-08
564,46,15,2,1400,2025-10-02
565,64,46,1,5850,2025-05-20
566,69,36,4,3800,2025-05-01
567,18,1,1,19400,2025-07-09
568,47,14,3,9600,2025-07-02
569,73,32,4,1600,2025-01-18
570,71,42,2,4200,2025-06-10
571,65,23,1,3750,2025-07-15
572,106,11,5,5750,2025-05-20
573,17,15,5,3500,2025-02-04
574,102,22,4,14200,2025-06-11
575,97,4,5,165250,2025-06-05
576,66,23,2,7500,2025-10-13
577,6,3,5,180750,2025-01-02
578,43,43,2,7100,2025-12-26
579,59,33,4,4800,2025-09-05
580,18,42,5,10500,2025-09-11
581,21,45,5,12250,2025-06-13
582,108,15,5,3500,2025-12-10
583,65,26,5,5500,2025-06-27
584,63,4,5,165250,2025-09-23
585,61,15,5,3500,2025-05-27
586,43,3,1,36150,2025-06-22
587,75,32,1,400,2025-07-10
588,61,14,1,3200,2025-10-09
589,30,5,5,154250,2025-10-24
590,62,33,1,1200,2025-10-06
591,93,26,5,5500,2025-11-20
592,106,22,4,14200,2025-03-22
593,74,4,2,66100,2025-01-23
594,3,11,1,1150,2025-04-15
595,20,3,3,108450,2025-07-14
596,65,41,2,6700,2025-07-25
597,112,25,5,42500,2025-08-28
598,18,22,1,3550,2025-12-17
599,42,2,2,21100,2025-09-22
600,49,23,4,15000,2025-09-11
601,117,36,2,1900,2025-08-18
602,46,4,3,99150,2025-09-22
603,62,32,3,1200,2025-10-07
604,72,45,2,4900,2025-05-10
605,99,12,2,7900,2025-05-10
606,91,25,2,17000,2025-12-16
607,45,44,3,13350,2025-08-18
608,16,5,3,92550,2025-05-19
609,115,5,5,154250,2025-07-13
610,38,41,3,10050,2025-03-02
611,11,34,3,3300,2025-12-12
612,33,16,4,2600,2025-11-24
613,26,4,4,132200,2025-04-27
614,120,31,5,4750,2025-05-18
615,14,36,3,2850,2025-03-20
616,32,5,5,154250,2025-04-02
617,82,16,5,3250,2025-04-08
618,53,5,1,30850,2025-02-11
619,88,2,4,42200,2025-02-25
620,71,2,2,21100,2025-01-06
621,120,15,4,2800,2025-11-16
622,26,11,4,4600,2025-11-25
623,37,24,3,21750,2025-06-21
624,84,11,1,1150,2025-02-19
625,95,42,2,4200,2025-09-24
626,54,44,1,4450,2025-03-27
627,108,15,2,1400,2025-01-13
628,120,43,4,14200,2025-03-24
629,2,12,3,11850,2025-01-10
630,14,46,5,29250,2025-10-11
631,83,1,3,58200,2025-08-18
632,114,1,5,97000,2025-08-05
633,35,45,5,12250,2025-08-07
634,21,36,1,950,2025-06-24
635,33,1,4,77600,2025-11-23
636,95,4,2,66100,2025-01-11
637,87,15,3,2100,2025-10-25
638,79,14,2,6400,2025-03-28
639,66,25,4,34000,2025-07-11
640,86,13,1,1050,2025-07-04
641,62,4,2,66100,2025-03-11
642,34,16,2,1300,2025-01-13
643,97,31,2,1900,2025-08-09
644,75,26,3,3300,2025-05-24
645,34,33,5,6000,2025-01-21
646,31,11,3,3450,2025-12-02
647,40,21,1,1950,2025-08-06
648,65,25,4,34000,2025-11-23
649,16,31,3,2850,2025-12-21
650,79,13,3,3150,2025-06-08
651,62,31,2,1900,2025-03-05
652,78,46,4,23400,2025-12-12
653,71,2,4,42200,2025-12-16
654,106,16,5,3250,2025-11-07
655,97,15,2,1400,2025-11-20
656,58,45,1,2450,2025-09-17
657,118,33,3,3600,2025-02-19
658,107,45,1,2450,2025-01-18
659,74,41,5,16750,2025-04-18
660,42,24,2,14500,2025-03-28
661,15,14,5,16000,2025-08-22
662,75,2,2,21100,2025-12-16
663,58,15,1,700,2025-09-26
664,17,46,1,5850,2025-08-17
665,73,31,4,3800,2025-08-02
666,87,34,5,5500,2025-08-26
667,3,2,3,31650,2025-12-13
668,96,24,3,21750,2025-01-07
669,6,2,5,52750,2025-02-14
670,9,41,3,10050,2025-12-18
671,120,11,1,1150,2025-02-16
672,53,33,1,1200,2025-05-06
673,94,31,2,1900,2025-11-21
674,115,36,4,3800,2025-06-13
675,49,21,4,7800,2025-07-03
676,84,21,5,9750,2025-03-28
677,23,36,3,2850,2025-02-18
678,17,22,4,14200,2025-09-24
679,97,24,2,14500,2025-01-01
680,87,33,3,3600,2025-08-24
681,69,44,5,22250,2025-07-13
682,59,1,2,38800,2025-04-12
683,25,14,2,6400,2025-05-24
684,104,45,1,2450,2025-01-22
685,99,4,4,132200,2025-10-01
686,9,31,2,1900,2025-04-04
687,58,45,5,12250,2025-01-20
688,95,31,1,950,2025-04-02
689,30,5,4,123400,2025-08-18
690,18,3,2,72300,2025-01-17
691,105,12,3,11850,2025-04-24
692,74,36,5,4750,2025-06-20
693,39,14,3,9600,2025-04-05
694,53,45,5,12250,2025-04-10
695,72,32,3,1200,2025-01-19
696,87,35,2,2400,2025-11-14
697,7,23,5,18750,2025-08-12
698,41,12,4,15800,2025-09-23
699,20,21,4,7800,2025-07-10
700,97,6,4,89000,2025-03-18
701,109,2,4,42200,2025-04-08
702,19,6,3,66750,2025-12-26
703,72,15,4,2800,2025-01-14
704,68,32,4,1600,2025-09-05
705,33,45,4,9800,2025-04-07
706,11,16,3,1950,2025-11-15
707,69,31,3,2850,2025-02-24
708,35,4,2,66100,2025-01-13
709,6,1,5,97000,2025-10-28
710,103,22,1,3550,2025-04-25
711,86,25,5,42500,2025-12-18
712,27,44,2,8900,2025-08-28
713,117,26,3,3300,2025-05-01
714,95,2,2,21100,2025-04-04
715,90,3,4,144600,2025-04-20
716,118,44,2,8900,2025-07-08
717,100,34,5,5500,2025-06-10
718,69,31,4,3800,2025-08-21
719,34,41,3,10050,2025-05-12
720,60,21,5,9750,2025-08-04
721,118,16,4,2600,2025-06-07
722,53,34,3,3300,2025-06-02
723,95,13,5,5250,2025-04-05
724,71,15,1,700,2025-05-19
725,54,41,5,16750,2025-12-10
726,43,13,2,2100,2025-04-08
727,107,36,4,3800,2025-10-08
728,84,24,4,29000,2025-09-22
729,98,14,3,9600,2025-05-27
730,83,12,4,15800,2025-12-24
731,22,25,4,34000,2025-08-24
732,18,21,3,5850,2025-03-24
733,24,3,5,180750,2025-08-18
734,5,41,1,3350,2025-09-27
735,7,45,1,2450,2025-11-25
736,18,36,1,950,2025-07-27
737,91,36,2,1900,2025-02-05
738,65,15,1,700,2025-04-15
739,80,43,3,10650,2025-01-21
740,85,32,5,2000,2025-08-16
741,69,24,1,7250,2025-01-18
742,3,22,4,14200,2025-01-17
743,37,44,3,13350,2025-09-01
744,87,13,5,5250,2025-12-14
745,118,16,2,1300,2025-02-04
746,31,14,5,16000,2025-03-07
747,33,24,5,36250,2025-09-27
748,102,24,3,21750,2025-05-13
749,52,34,1,1100,2025-06-15
750,90,21,5,9750,2025-04-08
751,106,34,3,3300,2025-11-28
752,110,5,1,30850,2025-11-21
753,52,45,1,2450,2025-02-13
754,61,26,4,4400,2025-09-02
755,22,44,1,4450,2025-12-03
756,83,16,4,2600,2025-07-26
757,110,31,3,2850,2025-10-04
758,30,14,5,16000,2025-01-07
759,35,16,5,3250,2025-08-02
760,119,43,1,3550,2025-11-09
761,85,25,5,42500,2025-10-02
762,3,24,2,14500,2025-06-07
763,97,2,5,52750,2025-03-27
764,39,44,4,17800,2025-02-06
765,73,42,5,10500,2025-04-27
766,115,14,4,12800,2025-11-18
767,97,23,3,11250,2025-07-24
768,93,4,2,66100,2025-12-03
769,45,13,5,5250,2025-12-02
770,30,33,1,1200,2025-07-27
771,78,24,1,7250,2025-06-25
772,51,12,5,19750,2025-10-25
773,82,45,3,7350,2025-01-09
774,30,11,4,4600,2025-08-12
775,56,13,5,5250,2025-07-06
776,49,21,5,9750,2025-11-03
777,103,45,5,12250,2025-05-08
778,35,26,1,1100,2025-02-05
779,101,46,4,23400,2025-12-21
780,50,25,2,17000,2025-12-11
781,12,6,3,66750,2025-02-01
782,47,26,3,3300,2025-08-25
783,17,4,3,99150,2025-02-03
784,58,43,2,7100,2025-07-18
785,53,16,5,3250,2025-09-04
786,46,34,1,1100,2025-02-18
787,77,46,1,5850,2025-10-26
788,2,2,3,31650,2025-07-10
789,100,3,4,144600,2025-07-03
790,74,23,5,18750,2025-04-17
791,49,23,2,7500,2025-11-06
792,39,34,2,2200,2025-05-09
793,9,13,4,4200,2025-03-06
794,54,3,4,144600,2025-05-10
795,47,14,4,12800,2025-02-09
796,81,12,2,7900,2025-12-16
797,26,2,5,52750,2025-10-15
798,39,3,1,36150,2025-03-01
799,108,13,4,4200,2025-06-20
800,57,12,4,15800,2025-06-11
801,77,32,4,1600,2025-11-05
802,78,22,3,10650,2025-06-23
803,41,21,2,3900,2025-08-06
804,38,25,4,34000,2025-06-24
805,101,12,4,15800,2025-10-08
806,36,44,3,13350,2025-07-27
807,15,24,4,29000,2025-06-19
808,70,15,2,1400,2025-10-06
809,94,31,5,4750,2025-01-15
810,103,26,2,2200,2025-08-10
811,87,6,1,22250,2025-07-16
812,39,33,2,2400,2025-11-08
813,20,14,3,9600,2025-11-23
814,10,26,4,4400,2025-07-15
815,75,46,5,29250,2025-08-13
816,119,15,5,3500,2025-09-28
817,5,46,4,23400,2025-09-26
818,115,2,3,31650,2025-12-26
819,82,36,5,4750,2025-10-03
820,85,25,1,8500,2025-04-22
821,83,16,3,1950,2025-03-20
822,83,33,1,1200,2025-10-22
823,102,44,4,17800,2025-06-14
824,13,26,1,1100,2025-01-09
825,96,15,2,1400,2025-09-17
826,89,36,5,4750,2025-10-19
827,48,3,2,72300,2025-08-13
828,76,25,4,34000,2025-11-23
829,45,34,5,5500,2025-03-01
830,38,3,4,144600,2025-02-14
831,107,16,1,650,2025-02-24
832,40,34,2,2200,2025-06-11
833,67,34,4,4400,2025-04-16
834,13,21,3,5850,2025-08-15
835,9,42,4,8400,2025-06-10
836,15,21,1,1950,2025-12-01
837,14,31,3,2850,2025-11-22
838,32,21,2,3900,2025-12-17
839,21,33,2,2400,2025-09-11
840,60,42,5,10500,2025-07-08
841,24,42,4,8400,2025-11-06
842,4,43,4,14200,2025-07-24
843,58,35,5,6000,2025-04-19
844,1,34,4,4400,2025-07-23
845,36,45,2,4900,2025-04-25
846,14,5,1,30850,2025-10-26
847,47,11,5,5750,2025-03-11
848,15,16,2,1300,2025-08-09
849,82,44,4,17800,2025-09-11
850,79,2,5,52750,2025-07-13
851,45,35,5,6000,2025-02-12
852,23,3,4,144600,2025-10-27
853,76,21,3,5850,2025-10-03
854,16,25,2,17000,2025-06-08
855,24,45,3,7350,2025-02-12
856,50,1,2,38800,2025-09-14
857,74,14,5,16000,2025-03-13
858,63,43,4,14200,2025-03-21
859,118,36,5,4750,2025-12-21
860,22,1,2,38800,2025-09-16
861,24,14,3,9600,2025-03-11
862,7,31,4,3800,2025-10-28
863,63,36,3,2850,2025-01-05
864,72,4,2,66100,2025-07-17
865,88,2,4,42200,2025-07-16
866,108,13,4,4200,2025-12-15
867,11,24,4,29000,2025-03-19
868,38,31,1,950,2025-04-02
869,69,34,3,3300,2025-04-10
870,73,45,2,4900,2025-08-24
871,66,22,4,14200,2025-09-04
872,35,14,5,16000,2025-02-25
873,70,2,5,52750,2025-06-27
874,57,12,1,3950,2025-12-18
875,14,13,2,2100,2025-07-24
876,112,34,2,2200,2025-05-02
877,45,12,4,15800,2025-05-28
878,111,12,1,3950,2025-08-04
879,104,36,2,1900,2025-04-24
880,45,26,5,5500,2025-12-28
881,55,4,5,165250,2025-11-06
882,101,23,5,18750,2025-03-07
883,73,26,2,2200,2025-01-12
884,77,12,5,19750,2025-05-18
885,91,34,2,2200,2025-06-10
886,35,32,3,1200,2025-10-28
887,105,2,5,52750,2025-11-04
888,118,6,2,44500,2025-07-02
889,17,31,3,2850,2025-11-23
890,19,44,2,8900,2025-04-23
891,98,15,3,2100,2025-04-27
892,19,41,4,13400,2025-08-19
893,54,14,3,9600,2025-11-13
894,82,26,4,4400,2025-02-26
895,66,15,1,700,2025-07-24
896,120,35,3,3600,2025-12-12
897,42,13,4,4200,2025-08-19
898,12,45,1,2450,2025-12-24
899,86,32,4,1600,2025-11-23
900,102,23,3,11250,2025-02-18
901,55,26,4,4400,2025-04-27
902,35,2,2,21100,2025-08-11
903,71,14,3,9600,2025-06-19
904,110,6,2,44500,2025-10-16
905,98,3,3,108450,2025-11-02
906,81,14,1,3200,2025-02-26
907,16,13,4,4200,2025-01-28
908,59,12,2,7900,2025-08-01
909,89,35,4,4800,2025-04-05
910,112,5,3,92550,2025-03-09
911,47,35,1,1200,2025-11-09
912,86,11,1,1150,2025-06-21
913,51,23,2,7500,2025-01-21
914,90,31,3,2850,2025-12-25
915,84,43,2,7100,2025-07-03
916,28,12,1,3950,2025-01-16
917,76,4,1,33050,2025-03-08
918,57,26,5,5500,2025-11-01
919,44,1,1,19400,2025-12-27
920,89,26,1,1100,2025-07-05
921,30,34,4,4400,2025-02-13
922,104,11,1,1150,2025-12-04
923,48,31,1,950,2025-06-10
924,100,43,2,7100,2025-07-27
925,87,42,2,4200,2025-11-05
926,73,3,1,36150,2025-09-01
927,22,46,5,29250,2025-11-15
928,28,33,3,3600,2025-12-21
929,79,21,2,3900,2025-07-22
930,12,6,4,89000,2025-04-04
931,76,33,2,2400,2025-02-24
932,55,11,4,4600,2025-06-11
933,36,25,2,17000,2025-04-21
934,71,36,1,950,2025-04-20
935,78,42,5,10500,2025-12-10
936,113,46,1,5850,2025-11-10
937,78,1,2,38800,2025-09-17
938,51,41,2,6700,2025-12-10
939,64,36,1,950,2025-04-13
940,64,34,1,1100,2025-04-21
941,68,36,5,4750,2025-02-01
942,17,12,3,11850,2025-06-13
943,47,24,5,36250,2025-07-18
944,99,15,2,1400,2025-08-03
945,9,6,1,22250,2025-10-01
946,6,16,3,1950,2025-04-02
947,37,5,4,123400,2025-09-21
948,55,11,5,5750,2025-07-23
949,82,41,4,13400,2025-02-18
950,20,25,5,42500,2025-10-09
951,11,41,1,3350,2025-05-17
952,69,4,2,66100,2025-03-11
953,82,35,4,4800,2025-10-25
954,90,44,1,4450,2025-05-14
955,32,31,2,1900,2025-01-03
956,59,4,4,132200,2025-02-20
957,40,23,5,18750,2025-01-22
958,2,41,2,6700,2025-02-23
959,2,35,2,2400,2025-12-06
960,67,36,4,3800,2025-06-17
961,48,22,3,10650,2025-03-05
962,114,45,3,7350,2025-12-04
963,104,1,1,19400,2025-06-14
964,9,26,3,3300,2025-09-09
965,10,46,5,29250,2025-11-16
966,47,32,4,1600,2025-09-02
967,22,22,4,14200,2025-10-12
968,99,34,2,2200,2025-05-04
969,93,1,5,97000,2025-11-04
970,66,36,2,1900,2025-12-01
971,32,4,1,33050,2025-01-02
972,50,16,4,2600,2025-06-05
973,71,46,2,11700,2025-01-26
974,42,26,4,4400,2025-04-08
975,41,1,4,77600,2025-12-09
976,48,43,1,3550,2025-10-04
977,116,43,5,17750,2025-11-02
978,103,1,2,38800,2025-04-17
979,9,1,1,19400,2025-07-15
980,42,35,3,3600,2025-05-03
981,2,45,5,12250,2025-08-12
982,73,32,2,800,2025-05-26
983,80,12,3,11850,2025-12-08
984,76,33,4,4800,2025-06-16
985,116,35,2,2400,2025-12-18
986,1,1,2,38800,2025-03-14
987,70,41,1,3350,2025-04-12
988,1,46,1,5850,2025-06-25
989,94,34,4,4400,2025-12-10
990,68,23,1,3750,2025-04-08
991,8,31,4,3800,2025-08-05
992,6,13,3,3150,2025-02-08
993,90,22,5,17750,2025-07-12
994,11,14,4,12800,2025-12-19
995,18,42,1,2100,2025-09-21
996,76,45,4,9800,2025-02-19
997,85,1,1,19400,2025-07-05
998,34,35,2,2400,2025-05-28
999,90,23,3,11250,2025-07-27
1000,58,41,3,10050,2025-06-09
1001,26,35,2,2400,2025-02-05
1002,20,43,5,17750,2025-02-04
1003,60,3,2,72300,2025-08-11
1004,69,2,4,42200,2025-02-12
1005,40,16,2,1300,2025-08-15
1006,12,21,3,5850,2025-02-06
1007,90,25,3,25500,2025-12-20
1008,107,36,1,950,2025-04-28
1009,12,4,3,99150,2025-03-23
1010,51,16,2,1300,2025-06-17
1011,39,42,1,2100,2025-11-09
1012,52,42,2,4200,2025-01-28
1013,96,15,4,2800,2025-09-18
1014,60,32,2,800,2025-02-04
1015,2,43,2,7100,2025-02-02
1016,26,35,2,2400,2025-03-27
1017,88,21,4,7800,2025-06-21
1018,76,41,1,3350,2025-10-09
1019,9,21,1,1950,2025-01-07
1020,12,24,4,29000,2025-03-28
1021,6,24,3,21750,2025-02-15
1022,119,45,1,2450,2025-03-19
1023,51,33,4,4800,2025-12-16
1024,88,23,1,3750,2025-07-14
1025,28,26,2,2200,2025-06-06
1026,58,1,3,58200,2025-05-05
1027,80,14,1,3200,2025-10-20
1028,38,43,2,7100,2025-11-16
1029,62,35,4,4800,2025-09-02
1030,50,46,1,5850,2025-05-05
1031,83,4,4,132200,2025-04-26
1032,81,1,5,97000,2025-04-26
1033,49,26,5,5500,2025-01-26
1034,70,25,3,25500,2025-08-26
1035,117,14,4,12800,2025-06-19
1036,50,45,5,12250,2025-06-09
1037,41,46,2,11700,2025-01-20
1038,115,4,2,66100,2025-01-26
1039,104,46,3,17550,2025-01-16
1040,99,46,5,29250,2025-06-19
1041,13,13,2,2100,2025-03-08
1042,69,44,2,8900,2025-05-27
1043,74,36,1,950,2025-04-28
1044,120,41,4,13400,2025-06-27
1045,31,33,2,2400,2025-03-19
1046,90,43,3,10650,2025-12-12
1047,91,13,5,5250,2025-01-23
1048,73,15,3,2100,2025-10-05
1049,108,2,5,52750,2025-04-26
1050,40,15,4,2800,2025-09-06
1051,12,12,4,15800,2025-01-02
1052,29,16,2,1300,2025-10-01
1053,1,36,5,4750,2025-08-11
1054,104,13,5,5250,2025-04-05
1055,23,1,3,58200,2025-12-26
1056,3,14,3,9600,2025-01-05
1057,118,2,5,52750,2025-12-05
1058,111,11,1,1150,2025-09-12
1059,91,4,1,33050,2025-06-22
1060,13,4,4,132200,2025-10-11
1061,18,22,3,10650,2025-06-06
1062,63,36,4,3800,2025-11-21
1063,91,25,3,25500,2025-03-18
1064,29,25,5,42500,2025-06-22
1065,49,5,5,154250,2025-03-10
1066,23,5,3,92550,2025-03-24
1067,74,13,1,1050,2025-12-13
1068,24,15,5,3500,2025-01-20
1069,29,1,3,58200,2025-10-21
1070,120,33,5,6000,2025-02-16
1071,96,5,2,61700,2025-06-03
1072,41,21,2,3900,2025-06-06
1073,86,1,1,19400,2025-12-21
1074,2,14,3,9600,2025-08-09
1075,89,3,2,72300,2025-04-03
1076,101,14,3,9600,2025-05-04
1077,50,21,1,1950,2025-01-15
1078,114,42,4,8400,2025-03-14
1079,45,21,4,7800,2025-07-18
1080,107,46,4,23400,2025-02-16
1081,98,36,5,4750,2025-11-22
1082,58,13,2,2100,2025-03-03
1083,3,35,1,1200,2025-05-11
1084,10,16,3,1950,2025-02-11
1085,21,26,2,2200,2025-07-24
1086,115,32,1,400,2025-09-03
1087,79,42,3,6300,2025-10-16
1088,84,32,1,400,2025-07-06
1089,21,3,5,180750,2025-07-02
1090,27,26,1,1100,2025-06-07
1091,71,35,4,4800,2025-12-24
1092,85,44,5,22250,2025-05-10
1093,13,46,3,17550,2025-04-02
1094,71,16,4,2600,2025-10-27
1095,7,22,4,14200,2025-03-12
1096,12,44,1,4450,2025-07-10
1097,26,36,5,4750,2025-08-04
1098,22,32,1,400,2025-04-21
1099,61,31,3,2850,2025-02-28
1100,101,46,1,5850,2025-05-13
1101,115,14,4,12800,2025-08-22
1102,83,14,3,9600,2025-02-18
1103,48,15,4,2800,2025-03-13
1104,58,26,3,3300,2025-03-02
1105,60,46,3,17550,2025-08-09
1106,73,24,2,14500,2025-05-02
1107,86,31,2,1900,2025-12-04
1108,45,24,1,7250,2025-11-26
1109,97,5,5,154250,2025-07-19
1110,8,1,2,38800,2025-09-27
1111,54,44,4,17800,2025-09-18
1112,113,22,4,14200,2025-10-08
1113,11,42,4,8400,2025-05-13
1114,74,1,1,19400,2025-09-17
1115,80,14,5,16000,2025-11-05
1116,23,31,1,950,2025-08-06
1117,17,46,2,11700,2025-04-02
1118,88,31,4,3800,2025-02-14
1119,19,5,2,61700,2025-11-27
1120,41,1,5,97000,2025-05-24
1121,50,36,1,950,2025-02-18
1122,42,35,4,4800,2025-09-28
1123,59,22,3,10650,2025-09-28
1124,80,46,1,5850,2025-12-19
1125,15,23,5,18750,2025-07-14
1126,73,32,2,800,2025-03-19
1127,119,45,5,12250,2025-02-04
1128,101,5,5,154250,2025-02-10
1129,113,44,5,22250,2025-06-14
1130,84,21,3,5850,2025-07-16
1131,61,34,5,5500,2025-10-02
1132,52,1,2,38800,2025-05-05
1133,88,13,5,5250,2025-10-23
1134,51,36,4,3800,2025-01-11
1135,96,44,2,8900,2025-01-16
1136,3,6,3,66750,2025-06-11
1137,36,22,3,10650,2025-05-27
1138,88,26,4,4400,2025-12-04
1139,39,22,2,7100,2025-03-24
1140,35,5,4,123400,2025-06-24
1141,83,4,4,132200,2025-10-03
1142,28,5,2,61700,2025-08-27
1143,63,35,4,4800,2025-12-25
1144,106,33,5,6000,2025-06-02
1145,9,41,5,16750,2025-03-10
1146,18,25,5,42500,2025-07-25
1147,4,13,5,5250,2025-10-06
1148,108,23,2,7500,2025-04-02
1149,59,5,2,61700,2025-01-02
1150,26,14,3,9600,2025-12-09
1151,65,16,3,1950,2025-08-13
1152,4,15,1,700,2025-11-08
1153,77,12,3,11850,2025-08-15
1154,76,46,2,11700,2025-08-18
1155,21,36,3,2850,2025-06-27
1156,107,45,3,7350,2025-12-23
1157,4,45,1,2450,2025-05-13
1158,110,44,1,4450,2025-03-19
1159,83,44,2,8900,2025-04-08
1160,84,31,2,1900,2025-05-14
1161,111,3,5,180750,2025-01-25
1162,117,11,1,1150,2025-08-05
1163,103,21,2,3900,2025-10-01
1164,78,4,2,66100,2025-05-26
1165,91,24,3,21750,2025-12-21
1166,115,42,3,6300,2025-07-13
1167,33,34,3,3300,2025-08-07
1168,87,21,4,7800,2025-05-17
1169,75,35,5,6000,2025-07-04
1170,85,24,1,7250,2025-09-27
1171,83,25,3,25500,2025-09-20
1172,39,15,5,3500,2025-05-22
1173,9,13,1,1050,2025-08-11
1174,42,24,3,21750,2025-11-28
1175,84,25,3,25500,2025-05-23
1176,20,43,3,10650,2025-04-17
1177,104,3,2,72300,2025-01-28
1178,85,35,5,6000,2025-07-11
1179,4,25,2,17000,2025-12-21
1180,34,1,4,77600,2025-05-14
1181,95,13,4,4200,2025-07-02
1182,74,21,5,9750,2025-12-27
1183,93,25,2,17000,2025-06-23
1184,69,5,2,61700,2025-11-21
1185,46,21,4,7800,2025-11-17
1186,108,46,3,17550,2025-03-22
1187,38,26,5,5500,2025-03-04
1188,95,4,4,132200,2025-03-09
1189,88,35,5,6000,2025-03-11
1190,46,12,1,3950,2025-04-08
1191,101,15,3,2100,2025-07-11
1192,75,24,3,21750,2025-05-10
1193,61,22,4,14200,2025-02-02
1194,80,24,5,36250,2025-10-03
1195,65,5,4,123400,2025-04-04
1196,39,24,4,29000,2025-09-14
1197,18,45,1,2450,2025-03-07
1198,73,4,3,99150,2025-07-15
1199,111,12,2,7900,2025-06-23
1200,63,14,2,6400,2025-02-11
1201,82,43,2,7100,2025-06-02
1202,36,23,1,3750,2025-08-07
1203,98,35,2,2400,2025-10-06
1204,17,34,4,4400,2025-02-20
1205,55,43,4,14200,2025-11-13
1206,50,4,4,132200,2025-08-01
1207,26,31,1,950,2025-09-24
1208,115,5,3,92550,2025-01-11
1209,3,34,5,5500,2025-04-22
1210,94,41,1,3350,2025-11-08
1211,113,6,2,44500,2025-12-12
1212,14,15,3,2100,2025-03-13
1213,40,22,5,17750,2025-10-06
1214,39,24,1,7250,2025-01-10
1215,67,12,4,15800,2025-12-20
1216,56,22,5,17750,2025-06-22
1217,116,33,2,2400,2025-06-16
1218,22,31,3,2850,2025-04-26
1219,30,45,4,9800,2025-01-08
1220,94,1,2,38800,2025-04-01
1221,22,31,5,4750,2025-09-04
1222,84,11,3,3450,2025-12-26
1223,113,46,1,5850,2025-07-21
1224,80,2,3,31650,2025-09-02
1225,85,44,5,22250,2025-01-04
1226,89,43,1,3550,2025-01-04
1227,49,31,4,3800,2025-08-04
1228,61,26,5,5500,2025-05-23
1229,89,44,2,8900,2025-04-22
1230,54,25,1,8500,2025-05-22
1231,67,22,1,3550,2025-11-09
1232,90,44,5,22250,2025-10-05
1233,66,26,4,4400,2025-02-24
1234,37,12,5,19750,2025-02-04
1235,26,2,1,10550,2025-08-20
1236,107,34,2,2200,2025-05-17
1237,91,32,2,800,2025-06-14
1238,6,15,3,2100,2025-03-18
1239,89,3,4,144600,2025-04-16
1240,1,13,3,3150,2025-04-01
1241,107,26,1,1100,2025-02-19
1242,12,43,4,14200,2025-03-25
1243,93,16,5,3250,2025-02-24
1244,83,24,1,7250,2025-05-08
1245,34,24,4,29000,2025-05-15
1246,105,21,1,1950,2025-02-06
1247,47,11,1,1150,2025-05-26
1248,95,3,3,108450,2025-07-04
1249,2,25,1,8500,2025-01-28
1250,83,33,2,2400,2025-11-06
1251,115,31,3,2850,2025-06-15
1252,113,2,5,52750,2025-05-24
1253,105,6,1,22250,2025-06-11
1254,52,16,2,1300,2025-02-13
1255,107,11,4,4600,2025-05-13
1256,84,35,4,4800,2025-07-26
1257,17,23,2,7500,2025-02-23
1258,14,44,1,4450,2025-03-14
1259,103,3,5,180750,2025-08-19
1260,79,41,4,13400,2025-03-13
1261,4,2,3,31650,2025-10-28
1262,118,31,2,1900,2025-08-16
1263,57,26,1,1100,2025-07-02
1264,84,5,1,30850,2025-05-11
1265,112,42,1,2100,2025-12-22
1266,74,24,5,36250,2025-12-24
1267,86,14,5,16000,2025-04-28
1268,67,13,3,3150,2025-09-23
1269,56,25,5,42500,2025-02-22
1270,45,43,2,7100,2025-08-22
1271,108,4,4,132200,2025-03-27
1272,7,5,5,154250,2025-10-01
1273,109,11,2,2300,2025-09-16
1274,10,6,4,89000,2025-03-25
1275,31,45,4,9800,2025-06-11
1276,65,13,3,3150,2025-01-08
1277,49,4,5,165250,2025-11-13
1278,59,42,2,4200,2025-02-15
1279,12,42,5,10500,2025-08-28
1280,41,35,4,4800,2025-08-04
1281,84,22,4,14200,2025-12-01
1282,53,2,1,10550,2025-07-02
1283,1,15,5,3500,2025-09-27
1284,80,32,1,400,2025-10-21
1285,72,15,3,2100,2025-09-07
1286,47,22,4,14200,2025-06-27
1287,109,46,1,5850,2025-04-15
1288,99,5,3,92550,2025-09-20
1289,92,46,5,29250,2025-08-22
1290,58,24,3,21750,2025-12-04
1291,29,24,1,7250,2025-11-01
1292,107,22,3,10650,2025-06-21
1293,67,6,3,66750,2025-09-12
1294,115,21,1,1950,2025-01-06
1295,106,23,4,15000,2025-03-23
1296,33,24,4,29000,2025-02-20
1297,16,44,2,8900,2025-04-28
1298,59,41,4,13400,2025-04-27
1299,44,26,2,2200,2025-12-04
1300,119,21,4,7800,2025-01-21
1301,99,45,5,12250,2025-02-15
1302,76,42,4,8400,2025-11-17
1303,1,42,2,4200,2025-08-17
1304,120,16,1,650,2025-09-14
1305,119,22,5,17750,2025-08-17
1306,75,12,2,7900,2025-12-06
1307,50,41,2,6700,2025-02-22
1308,113,15,5,3500,2025-10-11
1309,54,42,5,10500,2025-07-20
1310,51,23,2,7500,2025-05-11
1311,104,45,3,7350,2025-08-05
1312,78,2,2,21100,2025-07-23
1313,108,23,5,18750,2025-05-23
1314,92,36,5,4750,2025-06-24
1315,28,5,5,154250,2025-11-07
1316,92,42,2,4200,2025-10-10
1317,17,34,3,3300,2025-11-23
1318,70,46,2,11700,2025-09-23
1319,15,3,3,108450,2025-12-25
1320,62,42,3,6300,2025-09-19
1321,91,36,5,4750,2025-11-14
1322,113,45,5,12250,2025-05-28
1323,67,6,4,89000,2025-01-04
1324,19,6,1,22250,2025-07-02
1325,35,26,1,1100,2025-04-25
1326,88,26,2,2200,2025-05-09
1327,89,11,2,2300,2025-01-26
1328,97,6,3,66750,2025-04-18
1329,105,3,1,36150,2025-06-15
1330,112,45,1,2450,2025-10-22
1331,96,23,5,18750,2025-04-21
1332,31,42,5,10500,2025-07-17
1333,86,35,3,3600,2025-12-02
1334,54,24,4,29000,2025-07-26
1335,7,34,3,3300,2025-09-01
1336,80,16,3,1950,2025-04-28
1337,117,5,4,123400,2025-04-21
1338,70,33,3,3600,2025-10-24
1339,100,43,5,17750,2025-04-24
1340,58,11,2,2300,2025-05-06
1341,23,45,1,2450,2025-03-24
1342,49,2,5,52750,2025-02-02
1343,72,11,4,4600,2025-05-09
1344,75,26,2,2200,2025-03-28
1345,43,26,3,3300,2025-01-15
1346,20,43,2,7100,2025-01-11
1347,100,5,5,154250,2025-01-21
1348,39,41,5,16750,2025-11-16
1349,46,36,5,4750,2025-09-03
1350,29,35,3,3600,2025-09-06
1351,101,42,5,10500,2025-02-17
1352,70,41,2,6700,2025-07-18
1353,45,16,4,2600,2025-02-08
1354,43,35,2,2400,2025-11-11
1355,28,34,3,3300,2025-05-25
1356,61,6,5,111250,2025-09-18
1357,86,41,1,3350,2025-02-12
1358,116,2,4,42200,2025-04-21
1359,32,31,5,4750,2025-10-02
1360,118,33,3,3600,2025-07-26
1361,33,34,1,1100,2025-07-18
1362,117,23,3,11250,2025-01-17
1363,103,42,3,6300,2025-09-17
1364,6,22,4,14200,2025-08-10
1365,66,16,2,1300,2025-06-03
1366,99,5,1,30850,2025-03-18
1367,81,2,5,52750,2025-01-03
1368,81,3,2,72300,2025-11-25
1369,55,2,2,21100,2025-11-27
1370,69,44,1,4450,2025-04-27
1371,105,13,4,4200,2025-11-03
1372,59,13,2,2100,2025-01-23
1373,12,46,3,17550,2025-01-03
1374,102,31,1,950,2025-03-09
1375,74,46,5,29250,2025-02-27
1376,53,6,2,44500,2025-05-13
1377,52,32,4,1600,2025-11-14
1378,50,16,3,1950,2025-01-22
1379,1,13,1,1050,2025-09-21
1380,97,34,5,5500,2025-02-24
1381,90,25,5,42500,2025-01-28
1382,119,34,1,1100,2025-06-17
1383,101,12,1,3950,2025-05-22
1384,12,41,3,10050,2025-10-10
1385,51,4,4,132200,2025-07-27
1386,21,33,1,1200,2025-08-18
1387,96,1,2,38800,2025-03-13
1388,82,34,5,5500,2025-05-05
1389,114,5,3,92550,2025-11-26
1390,71,1,3,58200,2025-01-28
1391,16,15,5,3500,2025-03-02
1392,77,44,1,4450,2025-10-13
1393,11,46,5,29250,2025-09-10
1394,95,2,2,21100,2025-12-24
1395,53,46,3,17550,2025-04-21
1396,21,22,5,17750,2025-03-06
1397,107,44,2,8900,2025-10-09
1398,24,42,2,4200,2025-02-22
1399,109,31,5,4750,2025-01-25
1400,83,45,5,12250,2025-08-18
1401,86,41,1,3350,2025-05-03
1402,26,44,3,13350,2025-02-24
1403,43,16,5,3250,2025-08-12
1404,84,35,2,2400,2025-11-08
1405,80,23,1,3750,2025-05-03
1406,63,41,2,6700,2025-06-15
1407,85,36,3,2850,2025-10-10
1408,73,15,5,3500,2025-03-19
1409,55,14,3,9600,2025-06-06
1410,32,46,1,5850,2025-06-26
1411,95,6,2,44500,2025-12-21
1412,108,13,4,4200,2025-05-12
1413,94,6,2,44500,2025-11-11
1414,58,31,4,3800,2025-08-12
1415,71,34,3,3300,2025-08-04
1416,78,2,2,21100,2025-11-03
1417,115,21,3,5850,2025-03-18
1418,94,44,2,8900,2025-05-21
1419,10,36,1,950,2025-12-01
1420,4,42,5,10500,2025-11-27
1421,52,4,5,165250,2025-10-25
1422,117,1,5,97000,2025-04-02
1423,70,33,5,6000,2025-05-18
1424,100,11,4,4600,2025-11-05
1425,29,15,3,2100,2025-07-25
1426,110,4,5,165250,2025-12-10
1427,65,24,2,14500,2025-08-17
1428,47,12,1,3950,2025-07-17
1429,31,21,1,1950,2025-11-28
1430,22,15,5,3500,2025-11-25
1431,58,22,5,17750,2025-03-06
1432,73,6,2,44500,2025-10-22
1433,94,4,2,66100,2025-12-16
1434,29,4,3,99150,2025-01-25
1435,9,15,4,2800,2025-04-09
1436,6,41,3,10050,2025-04-22
1437,117,26,2,2200,2025-09-26
1438,61,45,3,7350,2025-07-15
1439,84,11,1,1150,2025-01-11
1440,67,36,1,950,2025-12-21
1441,34,34,3,3300,2025-12-19
1442,23,21,5,9750,2025-10-13
1443,76,31,4,3800,2025-06-21
1444,33,35,1,1200,2025-09-13
1445,52,21,2,3900,2025-09-12
1446,102,45,3,7350,2025-08-16
1447,65,45,5,12250,2025-01-05
1448,30,21,4,7800,2025-03-03
1449,36,11,5,5750,2025-11-07
1450,21,43,2,7100,2025-03-12
1451,105,16,5,3250,2025-12-04
1452,104,16,2,1300,2025-07-11
1453,87,34,1,1100,2025-08-16
1454,76,13,4,4200,2025-04-06
1455,32,3,4,144600,2025-01-02
1456,76,2,2,21100,2025-10-06
1457,66,12,2,7900,2025-11-02
1458,8,31,5,4750,2025-03-06
1459,67,21,3,5850,2025-03-13
1460,82,13,5,5250,2025-10-01
1461,28,31,3,2850,2025-02-15
1462,112,45,5,12250,2025-08-16
1463,107,4,2,66100,2025-04-14
1464,102,46,5,29250,2025-03-19
1465,85,24,2,14500,2025-10-17
1466,93,46,3,17550,2025-03-22
1467,77,41,3,10050,2025-08-19
1468,49,32,1,400,2025-04-13
1469,3,34,2,2200,2025-02-07
1470,88,14,5,16000,2025-09-14
1471,13,4,2,66100,2025-10-06
1472,77,5,4,123400,2025-10-02
1473,97,1,5,97000,2025-09-04
1474,85,4,1,33050,2025-08-05
1475,106,21,5,9750,2025-09-01
1476,54,35,4,4800,2025-09-12
1477,68,4,1,33050,2025-12-14
1478,102,42,2,4200,2025-08-25
1479,76,32,4,1600,2025-06-26
1480,55,36,5,4750,2025-02-05
1481,99,42,3,6300,2025-08-08
1482,77,2,1,10550,2025-05-18
1483,25,16,4,2600,2025-05-01
1484,67,34,1,1100,2025-10-04
1485,49,13,5,5250,2025-01-21
1486,103,2,2,21100,2025-12-11
1487,14,33,4,4800,2025-06-05
1488,75,16,4,2600,2025-11-09
1489,55,35,3,3600,2025-09-19
1490,36,34,3,3300,2025-10-22
1491,53,26,4,4400,2025-04-18
1492,23,5,5,154250,2025-08-12
1493,62,35,5,6000,2025-09-09
1494,45,1,3,58200,2025-10-25
1495,18,45,4,9800,2025-12-28
1496,30,13,1,1050,2025-12-15
1497,28,2,2,21100,2025-02-17
1498,103,31,4,3800,2025-06-18
1499,88,32,5,2000,2025-12-23
1500,50,41,1,3350,2025-03-21
