product_id,product_name,category,unit_price
1,Electronics Item 1,Electronics,19400
2,Electronics Item 2,Electronics,10550
3,Electronics Item 3,Electronics,36150
4,Electronics Item 4,Electronics,33050
5,Electronics Item 5,Electronics,30850
6,Electronics Item 6,Electronics,22250
11,Fashion Item 1,Fashion,1150
12,Fashion Item 2,Fashion,3950
13,Fashion Item 3,Fashion,1050
14,Fashion Item 4,Fashion,3200
15,Fashion Item 5,Fashion,700
16,Fashion Item 6,Fashion,650
21,Home Item 1,Home,1950
22,Home Item 2,Home,3550
23,Home Item 3,Home,3750
24,Home Item 4,Home,7250
25,Home Item 5,Home,8500
26,Home Item 6,Home,1100
31,Grocery Item 1,Grocery,950
32,Grocery Item 2,Grocery,400
33,Grocery Item 3,Grocery,1200
34,Grocery Item 4,Grocery,1100
35,Grocery Item 5,Grocery,1200
36,Grocery Item 6,Grocery,950
41,Sports Item 1,Sports,3350
42,Sports Item 2,Sports,2100
43,Sports Item 3,Sports,3550
44,Sports Item 4,Sports,4450
45,Sports Item 5,Sports,2450
46,Sports Item 6,Sports,5850
